{
  "framework": "keras",
  "dataset": "plantvillage",
  "model": "mobilenetv2",
  "fold": 0,
  "transfer_learning": true,
  "best_epoch_by_val_accuracy": 1,
  "val_accuracy_best": 0.4522165446761497,
  "test_loss": 2.148036319021252,
  "test_accuracy": 0.4555749930945585,
  "test_macro_f1": 0.35898725463194925,
  "epochs_trained": 8
}