{
  "framework": "keras",
  "dataset": "plantvillage",
  "model": "resnet50",
  "fold": 1,
  "transfer_learning": true,
  "best_epoch_by_val_accuracy": 28,
  "val_accuracy_best": 0.9953041916994683,
  "test_loss": 0.02342813842207548,
  "test_accuracy": 0.9949360095755455,
  "test_macro_f1": 0.99316149447965,
  "epochs_trained": 30
}