{
  "framework": "keras",
  "dataset": "cifar10",
  "model": "vgg16",
  "fold": 1,
  "transfer_learning": true,
  "best_epoch_by_val_accuracy": 29,
  "val_accuracy_best": 0.9414375,
  "test_loss": 0.30632310785849887,
  "test_accuracy": 0.9386666666666666,
  "test_macro_f1": 0.9384166776057865,
  "epochs_trained": 30
}