{
  "framework": "keras",
  "dataset": "cifar10",
  "model": "vgg16",
  "fold": 0,
  "transfer_learning": true,
  "best_epoch_by_val_accuracy": 26,
  "val_accuracy_best": 0.9386875,
  "test_loss": 0.3103032022317251,
  "test_accuracy": 0.9354166666666667,
  "test_macro_f1": 0.9351681308072972,
  "epochs_trained": 30
}