{
  "framework": "keras",
  "dataset": "plantvillage",
  "model": "resnet50",
  "fold": 0,
  "transfer_learning": true,
  "best_epoch_by_val_accuracy": 22,
  "val_accuracy_best": 0.9950973622427841,
  "test_loss": 0.021164927670061732,
  "test_accuracy": 0.9945677193628579,
  "test_macro_f1": 0.9931591511386224,
  "epochs_trained": 22
}