{
  "framework": "pytorch",
  "dataset": "cifar10",
  "model": "vgg16",
  "fold": 2,
  "transfer_learning": true,
  "best_epoch_by_val_accuracy": 27,
  "val_accuracy_best": 0.959125,
  "test_loss": 0.20798789342244467,
  "test_accuracy": 0.9559166666666666,
  "test_macro_f1": 0.9558346336088398,
  "epochs_trained": 30
}