{
  "framework": "pytorch",
  "dataset": "plantvillage",
  "model": "mobilenetv2",
  "fold": 1,
  "transfer_learning": true,
  "best_epoch_by_val_accuracy": 23,
  "val_accuracy_best": 0.9982735998895104,
  "test_loss": 0.007751642632316265,
  "test_accuracy": 0.9978823312770463,
  "test_macro_f1": 0.9966418192453858,
  "epochs_trained": 27
}