{
  "framework": "pytorch",
  "dataset": "plantvillage",
  "model": "resnet50",
  "fold": 1,
  "transfer_learning": true,
  "best_epoch_by_val_accuracy": 18,
  "val_accuracy_best": 0.9978592638629928,
  "test_loss": 0.011568062885971129,
  "test_accuracy": 0.9970536782984992,
  "test_macro_f1": 0.9957974818855828,
  "epochs_trained": 30
}